<?xml version="1.0" encoding="UTF-8"?>
<beans xmlns="http://www.springframework.org/schema/beans"
	xmlns:xsi="http://www.w3.org/2001/XMLSchema-instance"
	xmlns:mybatis-spring="http://mybatis.org/schema/mybatis-spring"
	xsi:schemaLocation="http://mybatis.org/schema/mybatis-spring http://mybatis.org/schema/mybatis-spring-1.2.xsd http://www.springframework.org/schema/beans https://www.springframework.org/schema/beans/spring-beans.xsd">
	<!-- Root Context: defines shared resources visible to all other web components -->
	<!-- API(HikariCP) -->
	<!-- bean : 객체를 생성하는 태그 -->
	<bean id="hikariConfig" class="com.zaxxer.hikari.HikariConfig">
		<property name="driverClassName"
			value="com.mysql.jdbc.Driver" />
		<property name="jdbcUrl"
			value="jdbc:mysql://localhost:3306/com" />
		<property name="username" value="com" />
		<property name="password" value="com01" />
	</bean>
	<!-- HikariDataSource(Connection POOL을 만드는 역할을 한다) -->
	<bean id="dataSource" class="com.zaxxer.hikari.HikariDataSource"
		destroy-method="close">
		<constructor-arg ref="hikariConfig" />
	</bean>
	<!-- Mapper interface들을 메모리에 올리는 방법(scan) -->
	<mybatis-spring:scan
		base-package="com.board.mapper" />
	<!-- BoardMapper interface의 구현클래스 생성 SqlSessionFactoryBean(SQL을 실행하는 API) -->
	<bean class="org.mybatis.spring.SqlSessionFactoryBean">
		<property name="dataSource" ref="dataSource" />
	</bean>
</beans>